BCI-AV#,tag,
8483,1,
8484,1,
8485,1,
8486,1,
8487,1,
8496,1,
8497,1,
8498,1,
8499,1,
8500,1,
8501,1,
8502,1,
8503,1,
8504,1,
8505,1,
8521,1,
8551,1,
8552,1,
8553,1,
8554,1,
8555,1,
8556,1,
8557,1,
8558,1,
8559,1,
8560,1,
8561,1,
8562,1,
8563,1,
8564,1,
8565,1,
8566,1,
8567,1,
8568,1,
8569,1,
8570,1,
8571,1,
8572,1,
8573,1,
8574,1,
8575,1,
8576,1,
8993,1,
8998,1,
8999,1,
9004,1,
9009,1,
9011,1,
12321,1,
12324,1,
12338,1,
12339,1,
12341,1,
12343,1,
12347,1,
12348,1,
12349,1,
12350,1,
12351,1,
12352,1,
12356,1,
12360,1,
12363,1,
12368,1,
12374,1,
12377,1,
12378,1,
12380,1,
12383,1,
12399,1,
12400,1,
12401,1,
12402,1,
12577,1,
12591,1,
12597,1,
12598,1,
12603,1,
12609,1,
12613,1,
12615,1,
12618,1,
12621,1,
12639,1,
12645,1,
12647,1,
12648,1,
12649,1,
12656,1,
12657,1,
12663,1,
12667,1,
12668,1,
12669,1,
12834,1,
12835,1,
12837,1,
12846,1,
12847,1,
12849,1,
12854,1,
12857,1,
12861,1,
12864,1,
12869,1,
12870,1,
12875,1,
12877,1,
12888,1,
12895,1,
12898,1,
12907,1,
12909,1,
12910,1,
12912,1,
13089,1,
13094,1,
13097,1,
13099,1,
13100,1,
13109,1,
13111,1,
13114,1,
13121,1,
13123,1,
13131,1,
13148,1,
13157,1,
13162,1,
13165,1,
13166,1,
13181,1,
13351,1,
13352,1,
13357,1,
13363,1,
13364,1,
13366,1,
13369,1,
13371,1,
13373,1,
13375,1,
13377,1,
13380,1,
13383,1,
13386,1,
13403,1,
13404,1,
13409,1,
13422,1,
13423,1,
13424,1,
13429,1,
13618,1,
13622,1,
13624,1,
13631,1,
13633,1,
13639,1,
13642,1,
13648,1,
13664,1,
13675,1,
13676,1,
13683,1,
13690,1,
13692,1,
13694,1,
13860,1,
13861,1,
13869,1,
13873,1,
13877,1,
13881,1,
13882,1,
13883,1,
13894,1,
13896,1,
13901,1,
13903,1,
13906,1,
13912,1,
13918,1,
13919,1,
13920,1,
13942,1,
13950,1,
14118,1,
14133,1,
14138,1,
14139,1,
14142,1,
14145,1,
14151,1,
14157,1,
14163,1,
14175,1,
14179,1,
14183,1,
14187,1,
14188,1,
14198,1,
14205,1,
14377,1,
14379,1,
14381,1,
14382,1,
14386,1,
14387,1,
14389,1,
14390,1,
14401,1,
14403,1,
14405,1,
14406,1,
14408,1,
14413,1,
14414,1,
14417,1,
14418,1,
14422,1,
14427,1,
14435,1,
14437,1,
14439,1,
14440,1,
14442,1,
14443,1,
14446,1,
14451,1,
14454,1,
14463,1,
14626,1,
14629,1,
14632,1,
14639,1,
14641,1,
14646,1,
14647,1,
14651,1,
14667,1,
14676,1,
14682,1,
14685,1,
14687,1,
14689,1,
14692,1,
14698,1,
14702,1,
14705,1,
14706,1,
14707,1,
14708,1,
14711,1,
14715,1,
14716,1,
14718,1,
14884,1,
14885,1,
14899,1,
14900,1,
14903,1,
14904,1,
14905,1,
14907,1,
14912,1,
14916,1,
14919,1,
14921,1,
14926,1,
14927,1,
14930,1,
14932,1,
14935,1,
14943,1,
14948,1,
14958,1,
14960,1,
14965,1,
14974,1,
15143,1,
15144,1,
15149,1,
15154,1,
15159,1,
15161,1,
15168,1,
15173,1,
15187,1,
15188,1,
15198,1,
15205,1,
15210,1,
15215,1,
15221,1,
15223,1,
15226,1,
15228,1,
15229,1,
15400,1,
15405,1,
15406,1,
15407,1,
15416,1,
15418,1,
15426,1,
15431,1,
15436,1,
15439,1,
15440,1,
15441,1,
15444,1,
15448,1,
15449,1,
15459,1,
15468,1,
15475,1,
15484,1,
15485,1,
15649,1,
15654,1,
15655,1,
15656,1,
15661,1,
15662,1,
15663,1,
15666,1,
15667,1,
15670,1,
15671,1,
15677,1,
15679,1,
15685,1,
15686,1,
15692,1,
15697,1,
15699,1,
15702,1,
15703,1,
15710,1,
15714,1,
15717,1,
15719,1,
15722,1,
15732,1,
15733,1,
15736,1,
15905,1,
15909,1,
15913,1,
15918,1,
15921,1,
15922,1,
15927,1,
15929,1,
15931,1,
15941,1,
15942,1,
15943,1,
15945,1,
15948,1,
15955,1,
15961,1,
15962,1,
15966,1,
15967,1,
15972,1,
15973,1,
15975,1,
16161,1,
16172,1,
16173,1,
16177,1,
16184,1,
16192,1,
16193,1,
16196,1,
16197,1,
16199,1,
16200,1,
16204,1,
16217,1,
16226,1,
16228,1,
16245,1,
16247,1,
16252,1,
16253,1,
16417,1,
16436,1,
16440,1,
16445,1,
16446,1,
16447,1,
16451,1,
16453,1,
16455,1,
16465,1,
16467,1,
16468,1,
16470,1,
16474,1,
16481,1,
16482,1,
16496,1,
16497,1,
16498,1,
16505,1,
16509,1,
16673,1,
16683,1,
16687,1,
16693,1,
16702,1,
16709,1,
16713,1,
16726,1,
16728,1,
16734,1,
16736,1,
16744,1,
16745,1,
16747,1,
16749,1,
16752,1,
16949,1,
16953,1,
16957,1,
16959,1,
16969,1,
16973,1,
16984,1,
16985,1,
16986,1,
16990,1,
16994,1,
16995,1,
17006,1,
17009,1,
17015,1,
17189,1,
17192,1,
17202,1,
17203,1,
17207,1,
17208,1,
17212,1,
17214,1,
17218,1,
17233,1,
17240,1,
17241,1,
17243,1,
17247,1,
17249,1,
17252,1,
17264,1,
17265,1,
17268,1,
17273,1,
17274,1,
17441,1,
17448,1,
17449,1,
17452,1,
17453,1,
17459,1,
17460,1,
17462,1,
17468,1,
17479,1,
17482,1,
17493,1,
17497,1,
17498,1,
17507,1,
17509,1,
17511,1,
17513,1,
17515,1,
17516,1,
17517,1,
17518,1,
17519,1,
17533,1,
17697,1,
17700,1,
17701,1,
17702,1,
17705,1,
17707,1,
17708,1,
17711,1,
17712,1,
17713,1,
17717,1,
17718,1,
17719,1,
17720,1,
17723,1,
17729,1,
17732,1,
17735,1,
17739,1,
17744,1,
17746,1,
17747,1,
17750,1,
17754,1,
17755,1,
17763,1,
17775,1,
17779,1,
17787,1,
17957,1,
17961,1,
17963,1,
17967,1,
17968,1,
17969,1,
17973,1,
17974,1,
17980,1,
17983,1,
17985,1,
17995,1,
18004,1,
18010,1,
18017,1,
18018,1,
18030,1,
18031,1,
18035,1,
18038,1,
18209,1,
18212,1,
18214,1,
18217,1,
18223,1,
18226,1,
18228,1,
18229,1,
18230,1,
18231,1,
18232,1,
18233,1,
18235,1,
18237,1,
18238,1,
18239,1,
18242,1,
18244,1,
18245,1,
18248,1,
18249,1,
18255,1,
18256,1,
18261,1,
18262,1,
18263,1,
18266,1,
18267,1,
18269,1,
18272,1,
18273,1,
18274,1,
18278,1,
18282,1,
18285,1,
18289,1,
18291,1,
18294,1,
18295,1,
18302,1,
18465,1,
18472,1,
18473,1,
20516,1,
20518,1,
20522,1,
20527,1,
20770,1,
21361,1,
21606,1,
21615,1,
21798,1,
21836,1,
22129,1,
22354,1,
22376,1,
22904,1,
23080,1,
23081,1,
23196,1,
23205,1,
23223,1,
23237,1,
23244,1,
23252,1,
23447,1,
23485,1,
23543,1,
23675,1,
23907,1,
23910,1,
23930,1,
24011,1,
24049,1,
24111,1,
24261,1,
24264,1,
24295,1,
24309,1,
24520,1,
24621,1,
24647,1,
24664,1,
24691,1,
24807,1,
24815,1,
24821,1,
24823,1,
24827,1,
24842,1,
24844,1,
24845,1,
24848,1,
24849,1,
24948,1,
25064,1,
25113,1,
25164,1,
25182,1,
25183,1,
25193,1,
25203,1,
25214,1,
25217,1,
25363,1,
25405,1,
25522,1,
25815,1,
26003,1,
26235,1,
8490,2,
12353,2,
12393,2,
12394,2,
12580,2,
12588,2,
12619,2,
12626,2,
12637,2,
12638,2,
12661,2,
12884,2,
12904,2,
13134,2,
13135,2,
13151,2,
13152,2,
13161,2,
13410,2,
13416,2,
13426,2,
13621,2,
13628,2,
13629,2,
13638,2,
13644,2,
13672,2,
13866,2,
13868,2,
13893,2,
13908,2,
13914,2,
13935,2,
13939,2,
14115,2,
14117,2,
14144,2,
14164,2,
14178,2,
14180,2,
14181,2,
14192,2,
14202,2,
14372,2,
14395,2,
14627,2,
14628,2,
14630,2,
14631,2,
14660,2,
14661,2,
14675,2,
14893,2,
14952,2,
14962,2,
15139,2,
15207,2,
15208,2,
15212,2,
15401,2,
15410,2,
15413,2,
15474,2,
15668,2,
15673,2,
15691,2,
15723,2,
15938,2,
15954,2,
15968,2,
15979,2,
16213,2,
16419,2,
16431,2,
16466,2,
16677,2,
16686,2,
16699,2,
16715,2,
16743,2,
16962,2,
17001,2,
17021,2,
17231,2,
17238,2,
17254,2,
17267,2,
17272,2,
17277,2,
17486,2,
17512,2,
17716,2,
17724,2,
17725,2,
17982,2,
17991,2,
18037,2,
18043,2,
18236,2,
18250,2,
18279,2,
18281,2,
18296,2,
23039,2,
23532,2,
23550,2,
23634,2,
23662,2,
23844,2,
23861,2,
23883,2,
23906,2,
24062,2,
24247,2,
24294,2,
24507,2,
24826,2,
24829,2,
24906,2,
25129,2,
25277,2,
25709,2,
25933,2,
25956,2,
25963,2,
26002,2,
26337,2,
12333,3,
12357,3,
12359,3,
12367,3,
12379,3,
12398,3,
12403,3,
12405,3,
12594,3,
12596,3,
12650,3,
12653,3,
12658,3,
12833,3,
12879,3,
12880,3,
12881,3,
12886,3,
12896,3,
12901,3,
13106,3,
13412,3,
13417,3,
13425,3,
13649,3,
13663,3,
13677,3,
13892,3,
13902,3,
14154,3,
14159,3,
14371,3,
14396,3,
14449,3,
14636,3,
14673,3,
14691,3,
14695,3,
14717,3,
14882,3,
14906,3,
14913,3,
14914,3,
15148,3,
15157,3,
15177,3,
15178,3,
15185,3,
15196,3,
15206,3,
15214,3,
15222,3,
15394,3,
15464,3,
15478,3,
15651,3,
15730,3,
15742,3,
15911,3,
15914,3,
15915,3,
15919,3,
15956,3,
15957,3,
16234,3,
16244,3,
16439,3,
16487,3,
16492,3,
16495,3,
16678,3,
16750,3,
16759,3,
16940,3,
16967,3,
16975,3,
17017,3,
17018,3,
17019,3,
17022,3,
17186,3,
17209,3,
17216,3,
17217,3,
17219,3,
17223,3,
17276,3,
17485,3,
17487,3,
17496,3,
17528,3,
17752,3,
17753,3,
17758,3,
17767,3,
17978,3,
17992,3,
18027,3,
18221,3,
18224,3,
18251,3,
18259,3,
18270,3,
18280,3,
20530,3,
20572,3,
21053,3,
21058,3,
22911,3,
23008,3,
23009,3,
23010,3,
23011,3,
23126,3,
23197,3,
23214,3,
23444,3,
23534,3,
23547,3,
23648,3,
23857,3,
23858,3,
23897,3,
24114,3,
24285,3,
24311,3,
24426,3,
24701,3,
24746,3,
24874,3,
24898,3,
24916,3,
24922,3,
25311,3,
25336,3,
25498,3,
25537,3,
25987,3,
26022,3,
26243,3,
26253,3,
12364,4,
12840,4,
12902,4,
12906,4,
12922,4,
13093,4,
13125,4,
13367,4,
13411,4,
13414,4,
13609,4,
13889,4,
13907,4,
14173,4,
14200,4,
14397,4,
14441,4,
14696,4,
14712,4,
14890,4,
14897,4,
14942,4,
14945,4,
14951,4,
14961,4,
15183,4,
15197,4,
15435,4,
15456,4,
15471,4,
15698,4,
15916,4,
15923,4,
15925,4,
16168,4,
16220,4,
16224,4,
16246,4,
16433,4,
16494,4,
16504,4,
16688,4,
16695,4,
16763,4,
16943,4,
16974,4,
17187,4,
17188,4,
17239,4,
17266,4,
17481,4,
17956,4,
17981,4,
18022,4,
18045,4,
18264,4,
21062,4,
21335,4,
21609,4,
21834,4,
22840,4,
22912,4,
23125,4,
23431,4,
23479,4,
23535,4,
23610,4,
23637,4,
23690,4,
24286,4,
24506,4,
24709,4,
24761,4,
24825,4,
24852,4,
24908,4,
25033,4,
25083,4,
25127,4,
25177,4,
25406,4,
25408,4,
25532,4,
25627,4,
25663,4,
25708,4,
25719,4,
25753,4,
25832,4,
25840,4,
25937,4,
25947,4,
25996,4,
26232,4,
26327,4,
15924,5,
15950,5,
16219,5,
16437,5,
16944,5,
17185,5,
17959,5,
18222,5,
23537,5,
24965,5,
25150,5,
25151,5,
25783,5,
8488,,
8489,,
8510,,
8511,,
8512,,
8513,,
8514,,
8515,,
8516,,
8517,,
8518,,
8519,,
8522,,
8523,,
8524,,
8525,,
8526,,
8527,,
8528,,
8529,,
8530,,
8531,,
8532,,
8533,,
8534,,
8535,,
8536,,
8537,,
8538,,
8539,,
8540,,
8541,,
8542,,
8543,,
8544,,
8545,,
8546,,
8994,,
8995,,
8996,,
8997,,
9000,,
9001,,
9002,,
9003,,
9005,,
9006,,
9007,,
9008,,
9010,,
12322,,
12323,,
12325,,
12326,,
12327,,
12328,,
12329,,
12330,,
12331,,
12332,,
12334,,
12335,,
12336,,
12337,,
12340,,
12342,,
12344,,
12345,,
12346,,
12354,,
12355,,
12358,,
12361,,
12362,,
12365,,
12366,,
12369,,
12370,,
12371,,
12372,,
12373,,
12375,,
12376,,
12381,,
12382,,
12384,,
12385,,
12386,,
12387,,
12388,,
12389,,
12390,,
12391,,
12392,,
12395,,
12396,,
12397,,
12404,,
12406,,
12407,,
12408,,
12409,,
12410,,
12411,,
12412,,
12413,,
12414,,
12578,,
12579,,
12581,,
12582,,
12583,,
12584,,
12585,,
12586,,
12587,,
12589,,
12590,,
12592,,
12593,,
12595,,
12599,,
12600,,
12601,,
12602,,
12604,,
12605,,
12606,,
12607,,
12608,,
12610,,
12611,,
12612,,
12614,,
12616,,
12617,,
12620,,
12622,,
12623,,
12624,,
12625,,
12627,,
12628,,
12629,,
12630,,
12631,,
12632,,
12633,,
12634,,
12635,,
12636,,
12640,,
12641,,
12642,,
12643,,
12644,,
12646,,
12651,,
12652,,
12654,,
12655,,
12659,,
12660,,
12662,,
12664,,
12665,,
12666,,
12670,,
12836,,
12838,,
12839,,
12841,,
12842,,
12843,,
12844,,
12845,,
12848,,
12850,,
12851,,
12852,,
12853,,
12855,,
12856,,
12858,,
12859,,
12860,,
12862,,
12863,,
12865,,
12866,,
12867,,
12868,,
12871,,
12872,,
12873,,
12874,,
12876,,
12878,,
12882,,
12883,,
12885,,
12887,,
12889,,
12890,,
12891,,
12892,,
12893,,
12894,,
12897,,
12899,,
12900,,
12903,,
12905,,
12908,,
12911,,
12913,,
12914,,
12915,,
12916,,
12917,,
12919,,
12920,,
12921,,
12923,,
12924,,
12925,,
12926,,
13090,,
13091,,
13092,,
13095,,
13096,,
13098,,
13101,,
13102,,
13103,,
13104,,
13105,,
13107,,
13108,,
13110,,
13112,,
13113,,
13115,,
13116,,
13117,,
13118,,
13119,,
13120,,
13122,,
13124,,
13126,,
13127,,
13128,,
13129,,
13132,,
13133,,
13136,,
13137,,
13138,,
13139,,
13140,,
13141,,
13142,,
13143,,
13144,,
13145,,
13146,,
13147,,
13149,,
13150,,
13153,,
13154,,
13155,,
13156,,
13158,,
13159,,
13160,,
13163,,
13164,,
13167,,
13168,,
13169,,
13170,,
13171,,
13172,,
13173,,
13174,,
13175,,
13176,,
13177,,
13178,,
13179,,
13180,,
13182,,
13345,,
13346,,
13347,,
13348,,
13349,,
13353,,
13354,,
13355,,
13356,,
13358,,
13359,,
13360,,
13361,,
13362,,
13365,,
13368,,
13370,,
13372,,
13374,,
13376,,
13378,,
13379,,
13381,,
13382,,
13384,,
13385,,
13388,,
13389,,
13390,,
13391,,
13392,,
13393,,
13394,,
13395,,
13396,,
13397,,
13398,,
13399,,
13400,,
13401,,
13402,,
13405,,
13406,,
13407,,
13408,,
13413,,
13415,,
13418,,
13419,,
13420,,
13421,,
13427,,
13428,,
13430,,
13431,,
13432,,
13433,,
13434,,
13435,,
13436,,
13437,,
13438,,
13439,,
13440,,
13603,,
13604,,
13605,,
13606,,
13607,,
13608,,
13610,,
13611,,
13612,,
13613,,
13614,,
13615,,
13616,,
13617,,
13619,,
13620,,
13623,,
13625,,
13626,,
13627,,
13630,,
13632,,
13634,,
13635,,
13636,,
13637,,
13640,,
13641,,
13643,,
13645,,
13646,,
13647,,
13650,,
13651,,
13652,,
13653,,
13654,,
13655,,
13656,,
13657,,
13658,,
13659,,
13660,,
13661,,
13662,,
13665,,
13666,,
13667,,
13668,,
13669,,
13670,,
13671,,
13673,,
13674,,
13678,,
13679,,
13680,,
13681,,
13682,,
13684,,
13685,,
13686,,
13687,,
13688,,
13689,,
13691,,
13857,,
13858,,
13859,,
13862,,
13863,,
13864,,
13865,,
13867,,
13870,,
13871,,
13872,,
13874,,
13875,,
13876,,
13878,,
13879,,
13880,,
13884,,
13885,,
13886,,
13887,,
13888,,
13890,,
13891,,
13895,,
13897,,
13898,,
13899,,
13900,,
13904,,
13905,,
13909,,
13910,,
13911,,
13913,,
13915,,
13916,,
13917,,
13921,,
13922,,
13923,,
13924,,
13925,,
13926,,
13927,,
13928,,
13929,,
13930,,
13931,,
13932,,
13933,,
13934,,
13936,,
13937,,
13938,,
13940,,
13941,,
13943,,
13944,,
13945,,
13946,,
13947,,
13948,,
13949,,
14113,,
14114,,
14116,,
14119,,
14120,,
14121,,
14122,,
14123,,
14124,,
14125,,
14126,,
14127,,
14128,,
14129,,
14130,,
14131,,
14132,,
14134,,
14135,,
14136,,
14137,,
14140,,
14141,,
14143,,
14146,,
14147,,
14148,,
14149,,
14150,,
14152,,
14153,,
14155,,
14156,,
14158,,
14160,,
14161,,
14162,,
14165,,
14166,,
14167,,
14168,,
14169,,
14170,,
14171,,
14172,,
14174,,
14176,,
14177,,
14182,,
14184,,
14185,,
14186,,
14189,,
14190,,
14191,,
14193,,
14194,,
14195,,
14196,,
14197,,
14199,,
14201,,
14203,,
14204,,
14206,,
14369,,
14370,,
14373,,
14374,,
14375,,
14376,,
14378,,
14380,,
14383,,
14384,,
14385,,
14388,,
14391,,
14392,,
14393,,
14394,,
14398,,
14399,,
14400,,
14402,,
14404,,
14407,,
14409,,
14410,,
14411,,
14412,,
14415,,
14416,,
14419,,
14420,,
14421,,
14423,,
14424,,
14425,,
14426,,
14428,,
14429,,
14430,,
14431,,
14432,,
14433,,
14434,,
14436,,
14438,,
14444,,
14445,,
14447,,
14448,,
14450,,
14452,,
14453,,
14455,,
14456,,
14457,,
14458,,
14459,,
14460,,
14461,,
14462,,
14625,,
14633,,
14634,,
14635,,
14637,,
14638,,
14640,,
14642,,
14643,,
14644,,
14645,,
14648,,
14649,,
14650,,
14652,,
14653,,
14654,,
14655,,
14656,,
14657,,
14658,,
14659,,
14662,,
14663,,
14664,,
14665,,
14666,,
14668,,
14669,,
14670,,
14671,,
14672,,
14674,,
14677,,
14678,,
14679,,
14680,,
14681,,
14683,,
14684,,
14686,,
14688,,
14690,,
14693,,
14694,,
14697,,
14699,,
14700,,
14701,,
14703,,
14704,,
14709,,
14710,,
14713,,
14714,,
14881,,
14883,,
14886,,
14887,,
14888,,
14889,,
14891,,
14892,,
14894,,
14895,,
14896,,
14898,,
14901,,
14902,,
14908,,
14909,,
14910,,
14911,,
14915,,
14917,,
14918,,
14920,,
14922,,
14923,,
14924,,
14925,,
14929,,
14931,,
14933,,
14934,,
14936,,
14937,,
14938,,
14939,,
14940,,
14941,,
14944,,
14946,,
14947,,
14949,,
14950,,
14953,,
14954,,
14955,,
14956,,
14957,,
14959,,
14963,,
14964,,
14966,,
14967,,
14968,,
14969,,
14970,,
14971,,
14972,,
14973,,
15137,,
15138,,
15140,,
15141,,
15142,,
15145,,
15146,,
15147,,
15151,,
15152,,
15153,,
15155,,
15156,,
15158,,
15160,,
15162,,
15163,,
15164,,
15165,,
15166,,
15167,,
15169,,
15170,,
15171,,
15172,,
15174,,
15175,,
15176,,
15179,,
15180,,
15181,,
15182,,
15184,,
15186,,
15189,,
15190,,
15191,,
15192,,
15193,,
15194,,
15195,,
15199,,
15200,,
15201,,
15202,,
15203,,
15204,,
15209,,
15211,,
15213,,
15216,,
15217,,
15218,,
15219,,
15220,,
15224,,
15227,,
15230,,
15393,,
15395,,
15396,,
15397,,
15398,,
15399,,
15402,,
15403,,
15404,,
15408,,
15409,,
15411,,
15412,,
15414,,
15417,,
15419,,
15420,,
15421,,
15422,,
15423,,
15424,,
15425,,
15427,,
15428,,
15429,,
15430,,
15432,,
15433,,
15434,,
15437,,
15438,,
15442,,
15443,,
15445,,
15446,,
15447,,
15450,,
15451,,
15452,,
15453,,
15454,,
15455,,
15457,,
15458,,
15460,,
15461,,
15462,,
15463,,
15465,,
15466,,
15467,,
15469,,
15470,,
15472,,
15473,,
15476,,
15477,,
15479,,
15480,,
15481,,
15482,,
15483,,
15486,,
15487,,
15650,,
15652,,
15653,,
15657,,
15658,,
15659,,
15660,,
15664,,
15665,,
15669,,
15672,,
15674,,
15675,,
15676,,
15678,,
15680,,
15681,,
15682,,
15683,,
15684,,
15687,,
15688,,
15689,,
15690,,
15693,,
15694,,
15695,,
15696,,
15700,,
15701,,
15704,,
15705,,
15706,,
15707,,
15708,,
15709,,
15711,,
15712,,
15713,,
15715,,
15716,,
15718,,
15720,,
15721,,
15724,,
15725,,
15726,,
15727,,
15728,,
15729,,
15731,,
15734,,
15735,,
15737,,
15738,,
15739,,
15740,,
15741,,
15906,,
15907,,
15908,,
15910,,
15912,,
15917,,
15920,,
15926,,
15928,,
15930,,
15932,,
15933,,
15934,,
15935,,
15936,,
15937,,
15939,,
15940,,
15944,,
15946,,
15947,,
15949,,
15951,,
15952,,
15953,,
15958,,
15959,,
15960,,
15963,,
15964,,
15965,,
15969,,
15970,,
15971,,
15974,,
15976,,
15977,,
15978,,
15980,,
15981,,
15982,,
15983,,
15984,,
15985,,
15986,,
15987,,
15988,,
15989,,
15990,,
15991,,
15992,,
15993,,
15994,,
15995,,
15996,,
15997,,
15998,,
16162,,
16163,,
16164,,
16165,,
16166,,
16167,,
16169,,
16170,,
16171,,
16174,,
16175,,
16176,,
16178,,
16179,,
16180,,
16181,,
16182,,
16183,,
16185,,
16186,,
16187,,
16188,,
16189,,
16190,,
16191,,
16194,,
16195,,
16198,,
16201,,
16202,,
16203,,
16205,,
16206,,
16207,,
16208,,
16209,,
16210,,
16211,,
16212,,
16214,,
16215,,
16216,,
16218,,
16221,,
16222,,
16223,,
16225,,
16227,,
16229,,
16230,,
16231,,
16232,,
16233,,
16235,,
16236,,
16237,,
16238,,
16239,,
16240,,
16241,,
16242,,
16243,,
16250,,
16251,,
16254,,
16418,,
16420,,
16421,,
16422,,
16423,,
16424,,
16425,,
16426,,
16427,,
16428,,
16429,,
16430,,
16432,,
16434,,
16435,,
16438,,
16441,,
16442,,
16443,,
16448,,
16449,,
16450,,
16452,,
16454,,
16456,,
16457,,
16458,,
16459,,
16460,,
16461,,
16462,,
16463,,
16464,,
16469,,
16471,,
16472,,
16473,,
16475,,
16476,,
16477,,
16478,,
16479,,
16480,,
16483,,
16484,,
16485,,
16486,,
16488,,
16489,,
16490,,
16491,,
16493,,
16499,,
16500,,
16501,,
16502,,
16503,,
16506,,
16507,,
16508,,
16510,,
16674,,
16675,,
16676,,
16679,,
16680,,
16681,,
16682,,
16684,,
16685,,
16689,,
16690,,
16691,,
16692,,
16696,,
16697,,
16698,,
16700,,
16701,,
16703,,
16704,,
16705,,
16706,,
16707,,
16708,,
16710,,
16711,,
16712,,
16714,,
16716,,
16717,,
16718,,
16719,,
16720,,
16721,,
16722,,
16723,,
16724,,
16725,,
16727,,
16729,,
16730,,
16731,,
16732,,
16733,,
16735,,
16737,,
16738,,
16739,,
16740,,
16741,,
16742,,
16746,,
16748,,
16751,,
16753,,
16754,,
16755,,
16756,,
16757,,
16758,,
16760,,
16761,,
16762,,
16764,,
16765,,
16766,,
16929,,
16930,,
16931,,
16932,,
16933,,
16934,,
16935,,
16936,,
16937,,
16938,,
16939,,
16941,,
16942,,
16945,,
16946,,
16947,,
16948,,
16950,,
16951,,
16952,,
16954,,
16955,,
16956,,
16958,,
16960,,
16961,,
16963,,
16964,,
16965,,
16966,,
16968,,
16970,,
16971,,
16972,,
16976,,
16977,,
16978,,
16979,,
16980,,
16981,,
16982,,
16983,,
16987,,
16988,,
16989,,
16991,,
16992,,
16993,,
16996,,
16997,,
16998,,
16999,,
17000,,
17002,,
17003,,
17004,,
17005,,
17007,,
17008,,
17010,,
17011,,
17012,,
17013,,
17014,,
17016,,
17020,,
17190,,
17191,,
17193,,
17194,,
17195,,
17196,,
17197,,
17198,,
17199,,
17200,,
17201,,
17204,,
17205,,
17206,,
17210,,
17211,,
17213,,
17215,,
17220,,
17221,,
17222,,
17224,,
17225,,
17226,,
17227,,
17228,,
17229,,
17230,,
17232,,
17234,,
17235,,
17236,,
17237,,
17242,,
17244,,
17245,,
17246,,
17248,,
17250,,
17251,,
17253,,
17255,,
17256,,
17257,,
17258,,
17259,,
17260,,
17261,,
17262,,
17263,,
17269,,
17270,,
17271,,
17275,,
17278,,
17442,,
17443,,
17444,,
17445,,
17446,,
17447,,
17450,,
17451,,
17454,,
17455,,
17456,,
17457,,
17458,,
17461,,
17463,,
17464,,
17465,,
17466,,
17467,,
17469,,
17470,,
17471,,
17472,,
17473,,
17474,,
17475,,
17477,,
17478,,
17480,,
17483,,
17484,,
17488,,
17489,,
17490,,
17491,,
17492,,
17494,,
17495,,
17499,,
17500,,
17501,,
17502,,
17503,,
17504,,
17505,,
17506,,
17510,,
17514,,
17520,,
17521,,
17522,,
17523,,
17524,,
17525,,
17526,,
17527,,
17529,,
17530,,
17531,,
17532,,
17534,,
17698,,
17699,,
17703,,
17704,,
17706,,
17709,,
17710,,
17714,,
17715,,
17721,,
17722,,
17726,,
17727,,
17728,,
17730,,
17731,,
17733,,
17734,,
17736,,
17737,,
17738,,
17740,,
17741,,
17742,,
17743,,
17745,,
17748,,
17749,,
17751,,
17756,,
17757,,
17759,,
17760,,
17761,,
17762,,
17764,,
17765,,
17766,,
17768,,
17769,,
17770,,
17771,,
17772,,
17773,,
17774,,
17776,,
17777,,
17778,,
17780,,
17781,,
17782,,
17783,,
17784,,
17785,,
17786,,
17788,,
17789,,
17790,,
17953,,
17954,,
17955,,
17958,,
17960,,
17962,,
17964,,
17965,,
17966,,
17970,,
17971,,
17972,,
17975,,
17976,,
17977,,
17979,,
17984,,
17986,,
17987,,
17988,,
17989,,
17990,,
17993,,
17994,,
17996,,
17997,,
17998,,
17999,,
18000,,
18001,,
18002,,
18003,,
18005,,
18006,,
18007,,
18011,,
18012,,
18013,,
18014,,
18015,,
18016,,
18019,,
18020,,
18021,,
18023,,
18024,,
18025,,
18026,,
18028,,
18029,,
18032,,
18033,,
18034,,
18036,,
18039,,
18040,,
18041,,
18042,,
18044,,
18046,,
18210,,
18211,,
18213,,
18215,,
18216,,
18218,,
18219,,
18220,,
18225,,
18227,,
18234,,
18240,,
18241,,
18246,,
18247,,
18252,,
18253,,
18254,,
18257,,
18258,,
18260,,
18265,,
18268,,
18271,,
18275,,
18276,,
18277,,
18283,,
18284,,
18286,,
18287,,
18288,,
18290,,
18292,,
18293,,
18297,,
18298,,
18299,,
18300,,
18301,,
18466,,
18467,,
18468,,
18469,,
18470,,
18471,,
18474,,
18475,,
20513,,
20514,,
20515,,
20517,,
20519,,
20520,,
20521,,
20523,,
20524,,
20526,,
20528,,
20561,,
20562,,
20563,,
20564,,
20565,,
20566,,
20567,,
20568,,
20569,,
20570,,
20571,,
20573,,
20574,,
20575,,
20576,,
20577,,
20578,,
20579,,
20580,,
20581,,
20582,,
20583,,
20584,,
20585,,
20586,,
20587,,
20588,,
20589,,
20590,,
20591,,
20592,,
20593,,
20594,,
20595,,
20596,,
20597,,
20598,,
20599,,
20600,,
20601,,
20602,,
20603,,
20604,,
20605,,
20606,,
20769,,
20771,,
20772,,
21025,,
21026,,
21027,,
21028,,
21029,,
21030,,
21031,,
21032,,
21033,,
21034,,
21035,,
21036,,
21037,,
21038,,
21039,,
21040,,
21041,,
21042,,
21043,,
21044,,
21045,,
21046,,
21047,,
21048,,
21049,,
21050,,
21051,,
21054,,
21055,,
21056,,
21057,,
21059,,
21060,,
21061,,
21063,,
21064,,
21065,,
21066,,
21067,,
21068,,
21069,,
21070,,
21071,,
21072,,
21073,,
21074,,
21075,,
21076,,
21078,,
21079,,
21080,,
21081,,
21082,,
21083,,
21084,,
21085,,
21086,,
21087,,
21088,,
21089,,
21090,,
21091,,
21092,,
21093,,
21094,,
21095,,
21096,,
21097,,
21098,,
21099,,
21100,,
21101,,
21102,,
21103,,
21104,,
21105,,
21106,,
21107,,
21108,,
21109,,
21110,,
21111,,
21112,,
21113,,
21116,,
21117,,
21118,,
21281,,
21282,,
21283,,
21284,,
21285,,
21286,,
21287,,
21288,,
21289,,
21290,,
21291,,
21292,,
21293,,
21294,,
21295,,
21296,,
21297,,
21298,,
21299,,
21300,,
21301,,
21302,,
21303,,
21304,,
21305,,
21306,,
21307,,
21308,,
21309,,
21310,,
21311,,
21312,,
21313,,
21314,,
21315,,
21316,,
21317,,
21318,,
21319,,
21320,,
21321,,
21322,,
21323,,
21324,,
21325,,
21326,,
21327,,
21328,,
21329,,
21331,,
21332,,
21333,,
21334,,
21336,,
21337,,
21338,,
21339,,
21340,,
21341,,
21342,,
21343,,
21344,,
21345,,
21346,,
21347,,
21348,,
21349,,
21350,,
21351,,
21352,,
21353,,
21354,,
21355,,
21356,,
21357,,
21358,,
21359,,
21360,,
21362,,
21363,,
21364,,
21365,,
21366,,
21367,,
21368,,
21369,,
21370,,
21371,,
21372,,
21373,,
21374,,
21380,,
21381,,
21537,,
21538,,
21539,,
21540,,
21541,,
21542,,
21543,,
21544,,
21545,,
21546,,
21547,,
21548,,
21549,,
21550,,
21551,,
21552,,
21553,,
21554,,
21555,,
21556,,
21557,,
21558,,
21559,,
21560,,
21561,,
21562,,
21563,,
21564,,
21565,,
21566,,
21567,,
21568,,
21569,,
21570,,
21571,,
21572,,
21573,,
21574,,
21575,,
21576,,
21577,,
21578,,
21579,,
21580,,
21581,,
21582,,
21583,,
21584,,
21585,,
21586,,
21587,,
21588,,
21589,,
21590,,
21591,,
21592,,
21593,,
21594,,
21595,,
21596,,
21597,,
21598,,
21599,,
21600,,
21601,,
21602,,
21603,,
21604,,
21605,,
21607,,
21608,,
21610,,
21611,,
21612,,
21613,,
21614,,
21616,,
21617,,
21618,,
21619,,
21620,,
21621,,
21622,,
21623,,
21624,,
21625,,
21626,,
21627,,
21628,,
21629,,
21630,,
21794,,
21795,,
21796,,
21797,,
21799,,
21800,,
21801,,
21803,,
21804,,
21805,,
21806,,
21807,,
21808,,
21809,,
21810,,
21811,,
21812,,
21813,,
21814,,
21815,,
21816,,
21817,,
21818,,
21819,,
21820,,
21821,,
21822,,
21823,,
21824,,
21825,,
21826,,
21827,,
21828,,
21829,,
21830,,
21831,,
21832,,
21833,,
21835,,
21837,,
21838,,
21839,,
21840,,
21841,,
21842,,
21843,,
21844,,
21845,,
21846,,
21847,,
21848,,
21849,,
21850,,
21851,,
21852,,
21853,,
21854,,
21855,,
21856,,
21857,,
21858,,
21859,,
21860,,
21861,,
21862,,
21863,,
21864,,
21865,,
21866,,
21867,,
21868,,
21869,,
21870,,
21871,,
21872,,
21873,,
21874,,
21875,,
21876,,
21877,,
21878,,
21879,,
21880,,
21881,,
21882,,
21883,,
21884,,
21885,,
21886,,
22049,,
22050,,
22051,,
22052,,
22053,,
22054,,
22055,,
22056,,
22057,,
22058,,
22059,,
22060,,
22061,,
22062,,
22063,,
22064,,
22065,,
22066,,
22067,,
22068,,
22069,,
22070,,
22071,,
22072,,
22073,,
22074,,
22075,,
22076,,
22077,,
22078,,
22079,,
22080,,
22081,,
22082,,
22083,,
22084,,
22085,,
22086,,
22087,,
22088,,
22089,,
22090,,
22091,,
22092,,
22093,,
22094,,
22095,,
22096,,
22097,,
22098,,
22099,,
22100,,
22101,,
22102,,
22103,,
22104,,
22105,,
22106,,
22107,,
22108,,
22109,,
22110,,
22111,,
22112,,
22113,,
22114,,
22115,,
22116,,
22117,,
22118,,
22119,,
22120,,
22121,,
22122,,
22123,,
22124,,
22125,,
22126,,
22127,,
22128,,
22130,,
22131,,
22132,,
22133,,
22134,,
22135,,
22136,,
22137,,
22138,,
22139,,
22140,,
22141,,
22142,,
22305,,
22306,,
22307,,
22308,,
22309,,
22310,,
22311,,
22312,,
22313,,
22314,,
22315,,
22316,,
22317,,
22318,,
22319,,
22320,,
22321,,
22322,,
22323,,
22324,,
22325,,
22326,,
22327,,
22328,,
22329,,
22330,,
22331,,
22332,,
22333,,
22334,,
22335,,
22336,,
22337,,
22338,,
22339,,
22340,,
22341,,
22342,,
22343,,
22344,,
22345,,
22346,,
22347,,
22349,,
22350,,
22351,,
22352,,
22353,,
22355,,
22356,,
22357,,
22358,,
22359,,
22360,,
22361,,
22362,,
22363,,
22364,,
22365,,
22366,,
22367,,
22368,,
22369,,
22370,,
22371,,
22372,,
22373,,
22374,,
22375,,
22377,,
22378,,
22379,,
22380,,
22381,,
22382,,
22383,,
22384,,
22385,,
22386,,
22387,,
22388,,
22389,,
22390,,
22391,,
22392,,
22393,,
22394,,
22395,,
22396,,
22397,,
22398,,
22561,,
22562,,
22563,,
22564,,
22565,,
22566,,
22567,,
22568,,
22569,,
22570,,
22571,,
22572,,
22573,,
22574,,
22575,,
22576,,
22577,,
22578,,
22579,,
22580,,
22581,,
22582,,
22583,,
22584,,
22585,,
22586,,
22587,,
22588,,
22589,,
22590,,
22591,,
22592,,
22593,,
22594,,
22595,,
22596,,
22597,,
22598,,
22599,,
22600,,
22601,,
22602,,
22603,,
22604,,
22605,,
22606,,
22607,,
22608,,
22609,,
22610,,
22611,,
22612,,
22613,,
22614,,
22615,,
22616,,
22617,,
22618,,
22619,,
22620,,
22621,,
22622,,
22623,,
22624,,
22625,,
22626,,
22627,,
22628,,
22629,,
22630,,
22631,,
22632,,
22633,,
22634,,
22635,,
22636,,
22637,,
22638,,
22639,,
22640,,
22641,,
22642,,
22643,,
22644,,
22645,,
22646,,
22647,,
22648,,
22649,,
22650,,
22651,,
22652,,
22653,,
22654,,
22655,,
22817,,
22818,,
22819,,
22820,,
22821,,
22822,,
22823,,
22824,,
22825,,
22826,,
22827,,
22828,,
22829,,
22830,,
22831,,
22832,,
22833,,
22834,,
22835,,
22836,,
22837,,
22839,,
22841,,
22901,,
22903,,
22905,,
22906,,
22907,,
22908,,
22909,,
22910,,
22913,,
22914,,
22915,,
22916,,
22917,,
22918,,
23001,,
23002,,
23003,,
23004,,
23005,,
23006,,
23007,,
23012,,
23013,,
23014,,
23015,,
23016,,
23017,,
23018,,
23019,,
23020,,
23021,,
23022,,
23023,,
23024,,
23025,,
23026,,
23027,,
23028,,
23029,,
23030,,
23031,,
23032,,
23033,,
23034,,
23035,,
23036,,
23037,,
23038,,
23040,,
23041,,
23042,,
23043,,
23044,,
23045,,
23046,,
23047,,
23048,,
23049,,
23050,,
23051,,
23052,,
23053,,
23054,,
23055,,
23056,,
23057,,
23058,,
23059,,
23060,,
23061,,
23062,,
23063,,
23064,,
23065,,
23066,,
23067,,
23068,,
23069,,
23070,,
23071,,
23072,,
23073,,
23074,,
23075,,
23076,,
23077,,
23078,,
23079,,
23082,,
23083,,
23084,,
23085,,
23086,,
23087,,
23088,,
23089,,
23090,,
23091,,
23092,,
23093,,
23094,,
23095,,
23096,,
23097,,
23098,,
23099,,
23100,,
23101,,
23102,,
23103,,
23104,,
23105,,
23106,,
23107,,
23108,,
23109,,
23110,,
23111,,
23112,,
23113,,
23114,,
23115,,
23116,,
23117,,
23118,,
23119,,
23120,,
23121,,
23122,,
23123,,
23124,,
23127,,
23128,,
23129,,
23130,,
23131,,
23132,,
23133,,
23134,,
23135,,
23136,,
23137,,
23138,,
23139,,
23140,,
23141,,
23142,,
23143,,
23144,,
23145,,
23146,,
23147,,
23148,,
23149,,
23150,,
23151,,
23152,,
23153,,
23154,,
23155,,
23156,,
23157,,
23158,,
23159,,
23160,,
23161,,
23162,,
23163,,
23164,,
23165,,
23166,,
23167,,
23168,,
23169,,
23170,,
23171,,
23172,,
23173,,
23176,,
23177,,
23178,,
23179,,
23180,,
23181,,
23182,,
23183,,
23184,,
23185,,
23186,,
23187,,
23188,,
23189,,
23190,,
23191,,
23192,,
23193,,
23194,,
23195,,
23198,,
23199,,
23200,,
23201,,
23202,,
23203,,
23204,,
23206,,
23207,,
23208,,
23209,,
23210,,
23211,,
23212,,
23213,,
23215,,
23216,,
23217,,
23218,,
23219,,
23220,,
23221,,
23222,,
23224,,
23225,,
23226,,
23227,,
23228,,
23229,,
23230,,
23231,,
23232,,
23233,,
23234,,
23235,,
23236,,
23238,,
23239,,
23240,,
23241,,
23242,,
23243,,
23245,,
23246,,
23247,,
23248,,
23249,,
23250,,
23251,,
23253,,
23401,,
23402,,
23403,,
23404,,
23405,,
23407,,
23408,,
23409,,
23410,,
23411,,
23412,,
23413,,
23414,,
23415,,
23416,,
23417,,
23418,,
23419,,
23420,,
23421,,
23422,,
23423,,
23424,,
23425,,
23426,,
23427,,
23428,,
23429,,
23430,,
23432,,
23433,,
23434,,
23435,,
23436,,
23437,,
23438,,
23439,,
23440,,
23441,,
23443,,
23445,,
23446,,
23448,,
23449,,
23450,,
23451,,
23452,,
23453,,
23454,,
23455,,
23456,,
23457,,
23458,,
23459,,
23460,,
23461,,
23462,,
23463,,
23464,,
23465,,
23466,,
23467,,
23468,,
23469,,
23470,,
23471,,
23472,,
23473,,
23474,,
23475,,
23476,,
23477,,
23478,,
23480,,
23481,,
23482,,
23483,,
23484,,
23486,,
23487,,
23488,,
23489,,
23490,,
23491,,
23492,,
23493,,
23494,,
23495,,
23496,,
23497,,
23498,,
23499,,
23500,,
23501,,
23502,,
23503,,
23504,,
23505,,
23506,,
23507,,
23508,,
23509,,
23510,,
23511,,
23512,,
23513,,
23514,,
23515,,
23516,,
23517,,
23518,,
23519,,
23520,,
23521,,
23522,,
23523,,
23524,,
23525,,
23526,,
23527,,
23528,,
23529,,
23530,,
23531,,
23533,,
23536,,
23538,,
23539,,
23540,,
23541,,
23542,,
23544,,
23545,,
23546,,
23548,,
23549,,
23551,,
23552,,
23553,,
23554,,
23555,,
23556,,
23557,,
23558,,
23559,,
23560,,
23561,,
23562,,
23563,,
23564,,
23565,,
23566,,
23567,,
23568,,
23569,,
23570,,
23571,,
23572,,
23573,,
23574,,
23575,,
23576,,
23577,,
23578,,
23579,,
23580,,
23581,,
23582,,
23583,,
23584,,
23585,,
23586,,
23587,,
23588,,
23589,,
23590,,
23591,,
23592,,
23593,,
23594,,
23595,,
23596,,
23597,,
23598,,
23599,,
23600,,
23601,,
23602,,
23603,,
23604,,
23605,,
23606,,
23607,,
23608,,
23609,,
23611,,
23612,,
23613,,
23614,,
23615,,
23616,,
23617,,
23618,,
23619,,
23620,,
23621,,
23622,,
23623,,
23624,,
23625,,
23626,,
23627,,
23628,,
23629,,
23630,,
23631,,
23632,,
23635,,
23636,,
23638,,
23639,,
23640,,
23641,,
23642,,
23643,,
23644,,
23645,,
23646,,
23647,,
23649,,
23650,,
23651,,
23652,,
23653,,
23654,,
23655,,
23656,,
23657,,
23658,,
23659,,
23660,,
23661,,
23663,,
23664,,
23665,,
23666,,
23667,,
23668,,
23669,,
23670,,
23671,,
23672,,
23673,,
23674,,
23676,,
23677,,
23678,,
23679,,
23680,,
23681,,
23682,,
23683,,
23684,,
23685,,
23686,,
23687,,
23688,,
23689,,
23691,,
23692,,
23693,,
23694,,
23695,,
23696,,
23697,,
23698,,
23699,,
23700,,
23701,,
23702,,
23703,,
23704,,
23705,,
23706,,
23707,,
23708,,
23709,,
23710,,
23711,,
23712,,
23713,,
23714,,
23715,,
23716,,
23801,,
23802,,
23803,,
23804,,
23805,,
23806,,
23807,,
23808,,
23809,,
23810,,
23811,,
23812,,
23813,,
23814,,
23815,,
23816,,
23817,,
23818,,
23819,,
23820,,
23821,,
23822,,
23823,,
23824,,
23825,,
23826,,
23827,,
23828,,
23829,,
23830,,
23831,,
23832,,
23833,,
23834,,
23835,,
23836,,
23837,,
23838,,
23839,,
23840,,
23841,,
23842,,
23843,,
23845,,
23846,,
23847,,
23848,,
23849,,
23850,,
23851,,
23852,,
23853,,
23854,,
23855,,
23856,,
23859,,
23860,,
23862,,
23863,,
23864,,
23865,,
23866,,
23867,,
23868,,
23869,,
23870,,
23871,,
23872,,
23873,,
23874,,
23875,,
23876,,
23877,,
23878,,
23879,,
23880,,
23881,,
23882,,
23884,,
23885,,
23886,,
23887,,
23888,,
23889,,
23890,,
23891,,
23892,,
23893,,
23894,,
23895,,
23896,,
23898,,
23899,,
23900,,
23901,,
23902,,
23903,,
23904,,
23905,,
23908,,
23909,,
23911,,
23912,,
23913,,
23914,,
23915,,
23916,,
23917,,
23918,,
23919,,
23920,,
23921,,
23922,,
23923,,
23924,,
23925,,
23926,,
23927,,
23928,,
23929,,
23931,,
23932,,
23933,,
23934,,
23935,,
23936,,
23937,,
23938,,
23939,,
23940,,
23941,,
23942,,
23943,,
23944,,
23945,,
23946,,
23947,,
23948,,
23949,,
23950,,
23951,,
23952,,
23953,,
23954,,
23955,,
23956,,
23957,,
23958,,
23959,,
23960,,
23961,,
23962,,
23963,,
23964,,
23965,,
23966,,
23967,,
23968,,
23969,,
23970,,
23971,,
23972,,
23973,,
23974,,
23975,,
23976,,
23977,,
23978,,
23979,,
23980,,
23981,,
23982,,
23983,,
23984,,
23985,,
23986,,
23987,,
24001,,
24002,,
24003,,
24004,,
24005,,
24006,,
24007,,
24008,,
24009,,
24010,,
24012,,
24013,,
24014,,
24015,,
24016,,
24017,,
24018,,
24019,,
24020,,
24021,,
24022,,
24023,,
24024,,
24025,,
24026,,
24027,,
24028,,
24029,,
24030,,
24031,,
24032,,
24033,,
24034,,
24035,,
24036,,
24037,,
24038,,
24039,,
24040,,
24041,,
24042,,
24043,,
24044,,
24047,,
24048,,
24050,,
24051,,
24052,,
24053,,
24054,,
24055,,
24056,,
24057,,
24058,,
24059,,
24060,,
24061,,
24063,,
24064,,
24065,,
24066,,
24067,,
24068,,
24069,,
24070,,
24071,,
24072,,
24073,,
24074,,
24075,,
24076,,
24077,,
24078,,
24079,,
24080,,
24081,,
24082,,
24083,,
24084,,
24085,,
24086,,
24087,,
24088,,
24089,,
24090,,
24091,,
24092,,
24093,,
24094,,
24095,,
24096,,
24097,,
24098,,
24099,,
24100,,
24101,,
24102,,
24103,,
24104,,
24105,,
24106,,
24107,,
24108,,
24109,,
24110,,
24112,,
24113,,
24115,,
24116,,
24117,,
24118,,
24119,,
24120,,
24121,,
24122,,
24123,,
24124,,
24125,,
24126,,
24127,,
24128,,
24129,,
24130,,
24131,,
24132,,
24133,,
24134,,
24135,,
24136,,
24137,,
24138,,
24139,,
24140,,
24141,,
24142,,
24143,,
24144,,
24145,,
24146,,
24147,,
24148,,
24149,,
24150,,
24151,,
24152,,
24153,,
24154,,
24155,,
24156,,
24157,,
24158,,
24159,,
24160,,
24161,,
24162,,
24163,,
24164,,
24165,,
24166,,
24167,,
24168,,
24169,,
24170,,
24171,,
24172,,
24173,,
24175,,
24176,,
24177,,
24178,,
24179,,
24180,,
24181,,
24182,,
24183,,
24184,,
24185,,
24186,,
24187,,
24188,,
24189,,
24190,,
24191,,
24192,,
24193,,
24194,,
24195,,
24196,,
24197,,
24198,,
24199,,
24200,,
24201,,
24202,,
24203,,
24204,,
24205,,
24206,,
24207,,
24208,,
24209,,
24210,,
24211,,
24212,,
24213,,
24214,,
24215,,
24216,,
24217,,
24218,,
24219,,
24220,,
24221,,
24222,,
24223,,
24224,,
24225,,
24226,,
24227,,
24228,,
24230,,
24231,,
24232,,
24233,,
24234,,
24235,,
24236,,
24237,,
24238,,
24239,,
24240,,
24241,,
24242,,
24243,,
24244,,
24245,,
24246,,
24248,,
24249,,
24250,,
24251,,
24252,,
24253,,
24254,,
24255,,
24256,,
24257,,
24258,,
24259,,
24260,,
24262,,
24263,,
24265,,
24266,,
24267,,
24268,,
24269,,
24270,,
24272,,
24273,,
24274,,
24275,,
24276,,
24277,,
24278,,
24279,,
24280,,
24281,,
24282,,
24283,,
24284,,
24287,,
24288,,
24289,,
24290,,
24291,,
24292,,
24293,,
24296,,
24297,,
24298,,
24299,,
24300,,
24301,,
24302,,
24303,,
24304,,
24305,,
24306,,
24307,,
24308,,
24310,,
24312,,
24314,,
24315,,
24316,,
24317,,
24318,,
24319,,
24320,,
24321,,
24322,,
24323,,
24324,,
24325,,
24326,,
24327,,
24328,,
24329,,
24330,,
24331,,
24332,,
24333,,
24334,,
24335,,
24336,,
24337,,
24338,,
24339,,
24340,,
24401,,
24402,,
24403,,
24404,,
24405,,
24406,,
24407,,
24408,,
24409,,
24410,,
24411,,
24412,,
24413,,
24414,,
24415,,
24416,,
24417,,
24418,,
24419,,
24420,,
24421,,
24422,,
24423,,
24424,,
24425,,
24427,,
24428,,
24429,,
24430,,
24431,,
24432,,
24433,,
24434,,
24435,,
24436,,
24437,,
24438,,
24439,,
24440,,
24441,,
24442,,
24443,,
24444,,
24445,,
24446,,
24447,,
24448,,
24449,,
24450,,
24451,,
24452,,
24453,,
24454,,
24455,,
24456,,
24457,,
24458,,
24459,,
24460,,
24461,,
24462,,
24463,,
24464,,
24465,,
24466,,
24467,,
24468,,
24469,,
24470,,
24471,,
24472,,
24473,,
24474,,
24475,,
24476,,
24477,,
24478,,
24479,,
24480,,
24481,,
24482,,
24483,,
24484,,
24485,,
24486,,
24487,,
24488,,
24489,,
24491,,
24492,,
24493,,
24494,,
24495,,
24496,,
24497,,
24498,,
24499,,
24500,,
24501,,
24502,,
24503,,
24504,,
24505,,
24508,,
24509,,
24510,,
24511,,
24512,,
24513,,
24515,,
24516,,
24517,,
24518,,
24519,,
24521,,
24522,,
24523,,
24524,,
24525,,
24601,,
24602,,
24603,,
24604,,
24605,,
24606,,
24607,,
24608,,
24610,,
24611,,
24612,,
24613,,
24614,,
24615,,
24616,,
24617,,
24618,,
24619,,
24620,,
24622,,
24623,,
24624,,
24625,,
24626,,
24627,,
24628,,
24629,,
24630,,
24631,,
24632,,
24633,,
24634,,
24635,,
24636,,
24637,,
24638,,
24639,,
24640,,
24641,,
24642,,
24643,,
24644,,
24645,,
24646,,
24648,,
24649,,
24650,,
24651,,
24652,,
24653,,
24654,,
24655,,
24656,,
24657,,
24658,,
24659,,
24660,,
24661,,
24662,,
24663,,
24665,,
24666,,
24667,,
24668,,
24669,,
24670,,
24671,,
24672,,
24673,,
24674,,
24675,,
24676,,
24677,,
24678,,
24679,,
24680,,
24681,,
24682,,
24683,,
24684,,
24685,,
24686,,
24687,,
24688,,
24689,,
24690,,
24692,,
24693,,
24694,,
24695,,
24696,,
24697,,
24698,,
24699,,
24700,,
24702,,
24703,,
24704,,
24705,,
24706,,
24707,,
24708,,
24710,,
24711,,
24712,,
24713,,
24714,,
24715,,
24716,,
24717,,
24718,,
24719,,
24720,,
24721,,
24722,,
24723,,
24724,,
24725,,
24726,,
24727,,
24728,,
24729,,
24730,,
24731,,
24732,,
24733,,
24734,,
24735,,
24736,,
24737,,
24738,,
24739,,
24740,,
24741,,
24742,,
24743,,
24744,,
24745,,
24747,,
24748,,
24749,,
24750,,
24751,,
24752,,
24753,,
24754,,
24755,,
24756,,
24757,,
24758,,
24759,,
24760,,
24762,,
24763,,
24764,,
24765,,
24766,,
24767,,
24768,,
24769,,
24770,,
24771,,
24772,,
24773,,
24774,,
24775,,
24776,,
24777,,
24778,,
24779,,
24780,,
24781,,
24782,,
24801,,
24802,,
24803,,
24804,,
24805,,
24806,,
24808,,
24809,,
24810,,
24811,,
24812,,
24813,,
24814,,
24816,,
24817,,
24818,,
24819,,
24820,,
24822,,
24824,,
24828,,
24830,,
24831,,
24832,,
24833,,
24834,,
24835,,
24840,,
24841,,
24843,,
24846,,
24847,,
24850,,
24851,,
24853,,
24854,,
24855,,
24856,,
24857,,
24859,,
24871,,
24872,,
24873,,
24875,,
24876,,
24877,,
24878,,
24879,,
24880,,
24881,,
24882,,
24883,,
24884,,
24885,,
24886,,
24887,,
24888,,
24889,,
24890,,
24891,,
24892,,
24893,,
24894,,
24895,,
24896,,
24897,,
24899,,
24900,,
24901,,
24902,,
24903,,
24904,,
24905,,
24909,,
24910,,
24911,,
24912,,
24913,,
24914,,
24915,,
24917,,
24918,,
24919,,
24920,,
24921,,
24923,,
24924,,
24925,,
24926,,
24927,,
24928,,
24929,,
24930,,
24931,,
24932,,
24933,,
24934,,
24935,,
24936,,
24937,,
24938,,
24939,,
24940,,
24941,,
24942,,
24943,,
24944,,
24945,,
24946,,
24947,,
24949,,
24950,,
24961,,
24962,,
24963,,
24964,,
24966,,
24967,,
24968,,
25001,,
25002,,
25003,,
25004,,
25005,,
25006,,
25007,,
25008,,
25009,,
25010,,
25011,,
25012,,
25013,,
25014,,
25015,,
25017,,
25018,,
25019,,
25020,,
25021,,
25022,,
25023,,
25024,,
25025,,
25026,,
25027,,
25028,,
25029,,
25030,,
25031,,
25032,,
25034,,
25035,,
25036,,
25037,,
25038,,
25039,,
25040,,
25041,,
25042,,
25043,,
25044,,
25045,,
25046,,
25047,,
25048,,
25049,,
25050,,
25051,,
25052,,
25053,,
25054,,
25055,,
25056,,
25057,,
25058,,
25059,,
25060,,
25061,,
25062,,
25063,,
25065,,
25066,,
25067,,
25068,,
25069,,
25070,,
25071,,
25072,,
25073,,
25074,,
25075,,
25076,,
25077,,
25078,,
25079,,
25081,,
25082,,
25084,,
25085,,
25086,,
25087,,
25088,,
25089,,
25090,,
25091,,
25093,,
25094,,
25095,,
25096,,
25097,,
25098,,
25099,,
25100,,
25101,,
25103,,
25104,,
25105,,
25106,,
25107,,
25108,,
25109,,
25110,,
25111,,
25112,,
25114,,
25115,,
25116,,
25117,,
25118,,
25119,,
25120,,
25121,,
25122,,
25123,,
25124,,
25125,,
25126,,
25128,,
25130,,
25131,,
25132,,
25133,,
25134,,
25136,,
25137,,
25138,,
25139,,
25140,,
25141,,
25142,,
25143,,
25144,,
25145,,
25146,,
25147,,
25148,,
25149,,
25152,,
25153,,
25154,,
25155,,
25156,,
25157,,
25158,,
25159,,
25160,,
25161,,
25162,,
25163,,
25165,,
25166,,
25167,,
25168,,
25169,,
25170,,
25171,,
25172,,
25173,,
25174,,
25175,,
25176,,
25178,,
25179,,
25180,,
25181,,
25184,,
25186,,
25187,,
25189,,
25190,,
25191,,
25192,,
25194,,
25195,,
25196,,
25198,,
25199,,
25200,,
25201,,
25202,,
25204,,
25205,,
25206,,
25207,,
25208,,
25209,,
25210,,
25211,,
25212,,
25213,,
25215,,
25216,,
25218,,
25220,,
25221,,
25222,,
25223,,
25250,,
25251,,
25252,,
25253,,
25254,,
25255,,
25256,,
25257,,
25258,,
25259,,
25260,,
25261,,
25262,,
25263,,
25264,,
25265,,
25266,,
25267,,
25268,,
25269,,
25270,,
25271,,
25272,,
25273,,
25274,,
25275,,
25276,,
25278,,
25279,,
25280,,
25281,,
25282,,
25283,,
25285,,
25286,,
25287,,
25288,,
25289,,
25290,,
25291,,
25292,,
25293,,
25295,,
25296,,
25297,,
25298,,
25299,,
25300,,
25301,,
25302,,
25303,,
25304,,
25305,,
25306,,
25307,,
25308,,
25309,,
25310,,
25312,,
25313,,
25314,,
25315,,
25316,,
25317,,
25318,,
25319,,
25320,,
25321,,
25322,,
25323,,
25324,,
25325,,
25326,,
25327,,
25328,,
25329,,
25330,,
25331,,
25332,,
25333,,
25334,,
25335,,
25337,,
25338,,
25339,,
25340,,
25341,,
25342,,
25343,,
25344,,
25345,,
25346,,
25347,,
25348,,
25349,,
25350,,
25351,,
25352,,
25354,,
25355,,
25356,,
25357,,
25358,,
25359,,
25360,,
25362,,
25364,,
25365,,
25366,,
25367,,
25368,,
25369,,
25370,,
25371,,
25372,,
25373,,
25374,,
25375,,
25376,,
25377,,
25378,,
25379,,
25380,,
25381,,
25382,,
25383,,
25384,,
25385,,
25386,,
25387,,
25388,,
25389,,
25390,,
25391,,
25392,,
25393,,
25394,,
25395,,
25396,,
25397,,
25398,,
25399,,
25400,,
25401,,
25402,,
25407,,
25409,,
25410,,
25411,,
25412,,
25413,,
25414,,
25415,,
25416,,
25417,,
25418,,
25419,,
25420,,
25421,,
25422,,
25423,,
25424,,
25430,,
25431,,
25432,,
25433,,
25434,,
25435,,
25436,,
25437,,
25438,,
25439,,
25440,,
25441,,
25442,,
25443,,
25444,,
25445,,
25446,,
25447,,
25448,,
25449,,
25450,,
25451,,
25452,,
25453,,
25454,,
25455,,
25456,,
25457,,
25458,,
25459,,
25460,,
25461,,
25462,,
25463,,
25464,,
25465,,
25466,,
25467,,
25468,,
25469,,
25470,,
25471,,
25472,,
25473,,
25474,,
25475,,
25476,,
25477,,
25478,,
25479,,
25480,,
25481,,
25482,,
25483,,
25484,,
25485,,
25486,,
25487,,
25488,,
25489,,
25490,,
25491,,
25492,,
25493,,
25494,,
25495,,
25496,,
25497,,
25499,,
25500,,
25501,,
25502,,
25503,,
25504,,
25505,,
25506,,
25507,,
25508,,
25509,,
25520,,
25521,,
25523,,
25524,,
25525,,
25526,,
25527,,
25528,,
25529,,
25530,,
25531,,
25533,,
25534,,
25535,,
25536,,
25538,,
25539,,
25540,,
25541,,
25542,,
25543,,
25544,,
25545,,
25546,,
25547,,
25548,,
25549,,
25550,,
25551,,
25552,,
25553,,
25554,,
25555,,
25556,,
25557,,
25558,,
25559,,
25560,,
25561,,
25562,,
25563,,
25564,,
25565,,
25566,,
25567,,
25568,,
25569,,
25570,,
25571,,
25572,,
25573,,
25574,,
25575,,
25576,,
25577,,
25578,,
25579,,
25580,,
25581,,
25582,,
25583,,
25584,,
25585,,
25586,,
25587,,
25588,,
25589,,
25590,,
25591,,
25592,,
25593,,
25594,,
25595,,
25596,,
25597,,
25598,,
25599,,
25600,,
25601,,
25602,,
25603,,
25604,,
25605,,
25606,,
25607,,
25608,,
25609,,
25610,,
25611,,
25612,,
25613,,
25614,,
25615,,
25616,,
25617,,
25618,,
25619,,
25620,,
25621,,
25622,,
25623,,
25624,,
25625,,
25626,,
25628,,
25629,,
25630,,
25631,,
25632,,
25633,,
25634,,
25635,,
25636,,
25650,,
25651,,
25652,,
25653,,
25654,,
25655,,
25656,,
25657,,
25658,,
25659,,
25660,,
25661,,
25662,,
25664,,
25665,,
25666,,
25667,,
25668,,
25669,,
25670,,
25671,,
25672,,
25673,,
25674,,
25675,,
25676,,
25677,,
25678,,
25679,,
25680,,
25681,,
25682,,
25683,,
25684,,
25685,,
25686,,
25687,,
25688,,
25689,,
25690,,
25691,,
25692,,
25693,,
25694,,
25695,,
25696,,
25697,,
25698,,
25699,,
25700,,
25701,,
25702,,
25703,,
25704,,
25705,,
25706,,
25707,,
25710,,
25711,,
25712,,
25713,,
25714,,
25715,,
25716,,
25717,,
25718,,
25720,,
25721,,
25722,,
25723,,
25724,,
25725,,
25726,,
25727,,
25728,,
25729,,
25730,,
25731,,
25732,,
25733,,
25734,,
25735,,
25736,,
25737,,
25738,,
25739,,
25740,,
25741,,
25742,,
25743,,
25744,,
25745,,
25746,,
25747,,
25748,,
25749,,
25750,,
25751,,
25752,,
25754,,
25755,,
25756,,
25757,,
25758,,
25759,,
25760,,
25761,,
25762,,
25763,,
25764,,
25765,,
25766,,
25767,,
25768,,
25769,,
25770,,
25771,,
25772,,
25773,,
25774,,
25775,,
25776,,
25777,,
25778,,
25779,,
25780,,
25781,,
25782,,
25784,,
25785,,
25786,,
25787,,
25788,,
25789,,
25790,,
25791,,
25792,,
25793,,
25794,,
25795,,
25796,,
25797,,
25798,,
25799,,
25800,,
25801,,
25802,,
25803,,
25804,,
25805,,
25806,,
25807,,
25808,,
25809,,
25810,,
25811,,
25812,,
25813,,
25814,,
25816,,
25817,,
25818,,
25819,,
25820,,
25821,,
25822,,
25823,,
25824,,
25825,,
25826,,
25827,,
25828,,
25829,,
25830,,
25831,,
25841,,
25842,,
25843,,
25844,,
25845,,
25846,,
25847,,
25848,,
25849,,
25850,,
25851,,
25852,,
25853,,
25854,,
25855,,
25856,,
25857,,
25858,,
25859,,
25860,,
25861,,
25862,,
25863,,
25864,,
25865,,
25866,,
25867,,
25868,,
25869,,
25870,,
25871,,
25872,,
25873,,
25874,,
25875,,
25876,,
25877,,
25878,,
25879,,
25880,,
25881,,
25882,,
25883,,
25884,,
25885,,
25886,,
25887,,
25888,,
25889,,
25890,,
25891,,
25892,,
25893,,
25894,,
25895,,
25896,,
25897,,
25898,,
25899,,
25900,,
25901,,
25902,,
25903,,
25904,,
25905,,
25906,,
25907,,
25908,,
25909,,
25910,,
25911,,
25912,,
25913,,
25914,,
25915,,
25916,,
25917,,
25918,,
25919,,
25920,,
25921,,
25922,,
25923,,
25924,,
25925,,
25926,,
25927,,
25928,,
25929,,
25930,,
25931,,
25932,,
25934,,
25935,,
25936,,
25938,,
25939,,
25940,,
25941,,
25942,,
25943,,
25944,,
25945,,
25946,,
25948,,
25949,,
25950,,
25951,,
25952,,
25953,,
25954,,
25955,,
25957,,
25958,,
25959,,
25960,,
25961,,
25962,,
25964,,
25965,,
25966,,
25967,,
25968,,
25969,,
25970,,
25971,,
25972,,
25980,,
25981,,
25982,,
25983,,
25984,,
25985,,
25986,,
25988,,
25989,,
25990,,
25991,,
25992,,
25993,,
25994,,
25995,,
25997,,
25998,,
25999,,
26000,,
26001,,
26004,,
26005,,
26006,,
26007,,
26008,,
26009,,
26010,,
26011,,
26012,,
26013,,
26014,,
26015,,
26016,,
26017,,
26018,,
26019,,
26020,,
26021,,
26023,,
26024,,
26025,,
26026,,
26027,,
26028,,
26029,,
26030,,
26031,,
26032,,
26033,,
26040,,
26041,,
26042,,
26043,,
26044,,
26045,,
26046,,
26047,,
26048,,
26049,,
26050,,
26051,,
26052,,
26053,,
26054,,
26055,,
26056,,
26057,,
26058,,
26059,,
26060,,
26061,,
26062,,
26063,,
26064,,
26065,,
26066,,
26100,,
26101,,
26102,,
26103,,
26104,,
26105,,
26106,,
26107,,
26108,,
26120,,
26121,,
26122,,
26123,,
26124,,
26125,,
26126,,
26127,,
26128,,
26129,,
26130,,
26131,,
26132,,
26133,,
26134,,
26135,,
26136,,
26137,,
26138,,
26139,,
26140,,
26141,,
26142,,
26143,,
26144,,
26145,,
26146,,
26147,,
26148,,
26149,,
26150,,
26151,,
26152,,
26153,,
26154,,
26155,,
26156,,
26157,,
26158,,
26159,,
26160,,
26161,,
26162,,
26163,,
26164,,
26165,,
26166,,
26167,,
26168,,
26169,,
26170,,
26171,,
26172,,
26173,,
26174,,
26175,,
26176,,
26177,,
26178,,
26179,,
26180,,
26181,,
26182,,
26183,,
26184,,
26185,,
26186,,
26187,,
26188,,
26189,,
26190,,
26191,,
26192,,
26193,,
26194,,
26195,,
26196,,
26197,,
26198,,
26199,,
26200,,
26201,,
26202,,
26203,,
26204,,
26205,,
26206,,
26207,,
26208,,
26209,,
26210,,
26211,,
26212,,
26213,,
26214,,
26215,,
26216,,
26217,,
26218,,
26219,,
26220,,
26221,,
26222,,
26223,,
26224,,
26225,,
26226,,
26227,,
26228,,
26229,,
26230,,
26231,,
26233,,
26234,,
26236,,
26237,,
26238,,
26239,,
26240,,
26241,,
26242,,
26244,,
26245,,
26246,,
26247,,
26248,,
26249,,
26250,,
26251,,
26252,,
26254,,
26255,,
26256,,
26257,,
26258,,
26259,,
26260,,
26261,,
26262,,
26263,,
26264,,
26265,,
26266,,
26267,,
26268,,
26280,,
26281,,
26282,,
26283,,
26284,,
26285,,
26286,,
26287,,
26288,,
26289,,
26290,,
26291,,
26292,,
26293,,
26294,,
26295,,
26296,,
26297,,
26298,,
26299,,
26300,,
26301,,
26302,,
26303,,
26304,,
26305,,
26306,,
26307,,
26308,,
26309,,
26310,,
26311,,
26312,,
26313,,
26314,,
26315,,
26316,,
26317,,
26318,,
26319,,
26320,,
26321,,
26322,,
26323,,
26324,,
26325,,
26326,,
26328,,
26329,,
26330,,
26331,,
26332,,
26333,,
26334,,
26335,,
26336,,
26338,,
26339,,